Reinforcement Learning,Gaussian,_,1,CartPole,0,9.800000000000001e-05,0.99,23.0
Reinforcement Learning,Gaussian,_,1,CartPole,0,2e-05,0.99,12.0
Reinforcement Learning,Gaussian,_,1,CartPole,0,1.001,0.99,11.0
Reinforcement Learning,Gaussian,_,1,CartPole,1,9.2e-05,0.99,21.0
Reinforcement Learning,Gaussian,_,1,CartPole,1,2.3e-05,0.99,37.0
Reinforcement Learning,Gaussian,_,1,CartPole,1,0.001,0.99,19.0
Reinforcement Learning,Gaussian,_,1,CartPole,1,1.001,0.99,189.0
Reinforcement Learning,Gaussian,_,1,CartPole,2,3e-06,0.99,15.0
Reinforcement Learning,Gaussian,_,1,CartPole,2,8.1e-05,0.99,12.0
Reinforcement Learning,Gaussian,_,1,CartPole,2,0.001,0.99,14.0
Reinforcement Learning,Gaussian,_,1,CartPole,2,1.001,0.99,9.0
Reinforcement Learning,Gaussian,_,1,CartPole,3,8.5e-05,0.99,47.0
Reinforcement Learning,Gaussian,_,1,CartPole,3,8.700000000000001e-05,0.99,21.0
Reinforcement Learning,Gaussian,_,1,CartPole,3,0.001,0.99,11.0
Reinforcement Learning,Gaussian,_,1,CartPole,3,1.001,0.99,10.0
Reinforcement Learning,Gaussian,_,1,CartPole,4,1e-05,0.99,13.0
Reinforcement Learning,Gaussian,_,1,CartPole,4,2.9000000000000004e-05,0.99,22.0
Reinforcement Learning,Gaussian,_,1,CartPole,4,1.001,0.99,45.0
Reinforcement Learning,Gaussian,_,1,CartPole,4,0.001,0.99,32.0
Reinforcement Learning,Gaussian,_,1,CartPole,5,5.2000000000000004e-05,0.99,22.0
Reinforcement Learning,Gaussian,_,1,CartPole,5,8.6e-05,0.99,10.0
Reinforcement Learning,Gaussian,_,1,CartPole,5,0.001,0.99,44.0
Reinforcement Learning,Gaussian,_,1,CartPole,5,1.001,0.99,9.0
Reinforcement Learning,Gaussian,_,1,CartPole,6,5.3e-05,0.99,32.0
Reinforcement Learning,Gaussian,_,1,CartPole,6,4e-06,0.99,16.0
Reinforcement Learning,Gaussian,_,1,CartPole,6,1.001,0.99,35.0
Reinforcement Learning,Gaussian,_,1,CartPole,6,0.001,0.99,16.0
Reinforcement Learning,Gaussian,_,1,CartPole,7,8.9e-05,0.99,19.0
Reinforcement Learning,Gaussian,_,1,CartPole,7,9.5e-05,0.99,11.0
Reinforcement Learning,Gaussian,_,1,CartPole,7,0.001,0.99,11.0
Reinforcement Learning,Gaussian,_,1,CartPole,7,1.001,0.99,9.0
Reinforcement Learning,Gaussian,_,1,CartPole,8,2.2e-05,0.99,20.0
Reinforcement Learning,Gaussian,_,1,CartPole,8,6.800000000000001e-05,0.99,25.0
Reinforcement Learning,Gaussian,_,1,CartPole,8,1.001,0.99,34.0
Reinforcement Learning,Gaussian,_,1,CartPole,8,0.001,0.99,13.0
Reinforcement Learning,Gaussian,_,1,CartPole,9,1e-06,0.99,14.0
Reinforcement Learning,Gaussian,_,1,CartPole,9,6.800000000000001e-05,0.99,17.0
Reinforcement Learning,Gaussian,_,1,CartPole,9,1.001,0.99,9.0
Reinforcement Learning,Gaussian,_,1,CartPole,10,1.1e-05,0.99,18.0
Reinforcement Learning,Gaussian,_,1,CartPole,10,7.3e-05,0.99,18.0
Reinforcement Learning,Gaussian,_,1,CartPole,10,1.001,0.99,10.0
Reinforcement Learning,Gaussian,_,1,CartPole,11,9.800000000000001e-05,0.99,18.0
Reinforcement Learning,Gaussian,_,1,CartPole,11,1.8000000000000004e-05,0.99,11.0
Reinforcement Learning,Gaussian,_,1,CartPole,11,1.001,0.99,9.0
Reinforcement Learning,Gaussian,_,1,CartPole,12,6.4e-05,0.99,18.0
