learn_type,algo_type,model,num_hp,eval_type,iteration,eval_score,Learning Rate,Reward Decay
Reinforcement Learning,Gaussian,Bandit,1,Score,1,-0.4,4.0,
Reinforcement Learning,Gaussian,Bandit,1,Score,2,3.4,3.0,
Reinforcement Learning,Gaussian,Bandit,1,Score,3,3.4,1.0,
Reinforcement Learning,Gaussian,Bandit,1,Score,4,4.1,2.0,
Reinforcement Learning,Gaussian,Bandit,1,Score,5,13.2,5.0,
Reinforcement Learning,Gaussian,Bandit,1,Score,6,3.3,6.0,
Reinforcement Learning,Gaussian,Bandit,1,Score,7,0.7,7.0,
Reinforcement Learning,Gaussian,Bandit,1,Score,8,11.1,8.0,
Reinforcement Learning,Gaussian,Bandit,1,Score,9,5.1,9.0,
Reinforcement Learning,Gaussian,Bandit,1,Score,10,4.3,10.0,
Reinforcement Learning,Gaussian,Bandit,1,Score,11,6.5,6.0,
Reinforcement Learning,Gaussian,Bandit,1,Score,12,6.8,1.0,
Reinforcement Learning,Gaussian,Bandit,1,Score,13,-0.3,10.0,
Reinforcement Learning,Gaussian,Bandit,1,Score,14,2.4,2.0,
Reinforcement Learning,Gaussian,Bandit,1,Score,15,4.3,3.0,
Reinforcement Learning,Gaussian,Bandit,1,Score,16,0.6,4.0,
Reinforcement Learning,Gaussian,Bandit,1,Score,17,14.4,5.0,
Reinforcement Learning,Gaussian,Bandit,1,Score,18,-1.9,7.0,
Reinforcement Learning,Gaussian,Bandit,1,Score,19,1.5,8.0,
Reinforcement Learning,Gaussian,Bandit,1,Score,20,4.6,9.0,
Reinforcement Learning,Gaussian,Bandit,1,Score,21,7.0,5.0,
Reinforcement Learning,Gaussian,Bandit,1,Score,22,11.2,1.0,
Reinforcement Learning,Gaussian,Bandit,1,Score,23,6.1,2.0,
Reinforcement Learning,Gaussian,Bandit,1,Score,24,-4.5,3.0,
Reinforcement Learning,Gaussian,Bandit,1,Score,25,12.1,4.0,
Reinforcement Learning,Gaussian,Bandit,1,Score,26,11.2,6.0,
Reinforcement Learning,Gaussian,Bandit,1,Score,27,11.1,7.0,
Reinforcement Learning,Gaussian,Bandit,1,Score,28,12.0,8.0,
Reinforcement Learning,Gaussian,Bandit,1,Score,29,3.4,9.0,
Reinforcement Learning,Gaussian,Bandit,1,Score,30,-0.1,10.0,
Reinforcement Learning,Gaussian,Bandit,1,Score,31,7.6,5.0,
Reinforcement Learning,Gaussian,Bandit,1,Score,32,13.6,4.0,
Reinforcement Learning,Gaussian,Bandit,1,Score,33,-1.8,1.0,
Reinforcement Learning,Gaussian,Bandit,1,Score,34,3.8,2.0,
Reinforcement Learning,Gaussian,Bandit,1,Score,35,5.2,3.0,
Reinforcement Learning,Gaussian,Bandit,1,Score,36,-1.1,6.0,
Reinforcement Learning,Gaussian,Bandit,1,Score,37,-8.9,7.0,
Reinforcement Learning,Gaussian,Bandit,1,Score,38,3.4,2.0,
Reinforcement Learning,Gaussian,Bandit,1,Score,39,14.4,3.0,
Reinforcement Learning,Gaussian,Bandit,1,Score,40,2.4,1.0,
Reinforcement Learning,Gaussian,Bandit,1,Score,41,10.1,4.0,
Reinforcement Learning,Gaussian,Bandit,1,Score,42,-0.1,5.0,
Reinforcement Learning,Gaussian,Bandit,1,Score,43,1.0,6.0,
Reinforcement Learning,Gaussian,Bandit,1,Score,44,14.3,7.0,
Reinforcement Learning,Gaussian,Bandit,1,Score,45,3.6,8.0,
Reinforcement Learning,Gaussian,Bandit,1,Score,46,-3.6,9.0,
Reinforcement Learning,Gaussian,Bandit,1,Score,47,-1.6,10.0,
Reinforcement Learning,Gaussian,Bandit,1,Score,48,4.9,7.0,
Reinforcement Learning,Gaussian,Bandit,1,Score,49,8.0,10.0,
Reinforcement Learning,Gaussian,Bandit,1,Score,50,5.7,1.0,
Reinforcement Learning,Gaussian,Bandit,1,Score,51,-8.0,2.0,
Reinforcement Learning,Gaussian,Bandit,1,Score,52,1.4,3.0,
Reinforcement Learning,Gaussian,Bandit,1,Score,53,1.4,3.0,
Reinforcement Learning,Gaussian,Bandit,1,Score,54,-2.0,10.0,
Reinforcement Learning,Gaussian,Bandit,1,Score,55,5.9,1.0,
Reinforcement Learning,Gaussian,Bandit,1,Score,56,3.5,2.0,
Reinforcement Learning,Gaussian,Bandit,1,Score,57,9.1,4.0,
Reinforcement Learning,Gaussian,Bandit,1,Score,58,6.6,5.0,
Reinforcement Learning,Gaussian,Bandit,1,Score,59,-1.1,6.0,
Reinforcement Learning,Gaussian,Bandit,1,Score,60,12.2,7.0,
Reinforcement Learning,Gaussian,Bandit,1,Score,61,5.5,8.0,
Reinforcement Learning,Gaussian,Bandit,1,Score,62,9.7,9.0,
Reinforcement Learning,Gaussian,Bandit,1,Score,63,2.0,9.0,
Reinforcement Learning,Gaussian,Bandit,1,Score,64,8.5,6.0,
Reinforcement Learning,Gaussian,Bandit,1,Score,65,4.1,1.0,
Reinforcement Learning,Gaussian,Bandit,1,Score,66,4.7,2.0,
Reinforcement Learning,Gaussian,Bandit,1,Score,67,4.4,3.0,
Reinforcement Learning,Gaussian,Bandit,1,Score,68,4.4,4.0,
Reinforcement Learning,Gaussian,Bandit,1,Score,69,9.3,5.0,
Reinforcement Learning,Gaussian,Bandit,1,Score,70,10.1,7.0,
Reinforcement Learning,Gaussian,Bandit,1,Score,71,-0.4,8.0,
Reinforcement Learning,Gaussian,Bandit,1,Score,72,7.9,10.0,
Reinforcement Learning,Gaussian,Bandit,1,Score,73,-0.5,8.0,
Reinforcement Learning,Gaussian,Bandit,1,Score,74,-4.6,3.0,
Reinforcement Learning,Gaussian,Bandit,1,Score,75,5.3,4.0,
Reinforcement Learning,Gaussian,Bandit,1,Score,76,7.5,6.0,
Reinforcement Learning,Gaussian,Bandit,1,Score,77,-1.1,1.0,
Reinforcement Learning,Gaussian,Bandit,1,Score,78,-3.0,2.0,
Reinforcement Learning,Gaussian,Bandit,1,Score,79,12.6,3.0,
Reinforcement Learning,Gaussian,Bandit,1,Score,80,3.5,5.0,
Reinforcement Learning,Gaussian,Bandit,1,Score,81,4.7,7.0,
Reinforcement Learning,Gaussian,Bandit,1,Score,82,0.9,8.0,
Reinforcement Learning,Gaussian,Bandit,1,Score,83,3.7,9.0,
Reinforcement Learning,Gaussian,Bandit,1,Score,84,3.6,10.0,
Reinforcement Learning,Gaussian,Bandit,1,Score,85,11.7,3.0,
Reinforcement Learning,Gaussian,Bandit,1,Score,86,7.2,9.0,
Reinforcement Learning,Gaussian,Bandit,1,Score,87,-0.8,1.0,
Reinforcement Learning,Gaussian,Bandit,1,Score,88,14.4,2.0,
Reinforcement Learning,Gaussian,Bandit,1,Score,89,-2.3,4.0,
Reinforcement Learning,Gaussian,Bandit,1,Score,90,11.0,5.0,
Reinforcement Learning,Gaussian,Bandit,1,Score,91,10.4,6.0,
Reinforcement Learning,Gaussian,Bandit,1,Score,92,2.5,7.0,
Reinforcement Learning,Gaussian,Bandit,1,Score,93,1.7,8.0,
Reinforcement Learning,Gaussian,Bandit,1,Score,94,5.3,10.0,
Reinforcement Learning,Gaussian,Bandit,1,Score,95,3.9,2.0,
Reinforcement Learning,Gaussian,Bandit,1,Score,96,12.2,7.0,
Reinforcement Learning,Gaussian,Bandit,1,Score,97,5.6,1.0,
Reinforcement Learning,Gaussian,Bandit,1,Score,98,13.3,3.0,
Reinforcement Learning,Gaussian,Bandit,1,Score,99,14.3,4.0,
Reinforcement Learning,Gaussian,Bandit,1,Score,100,14.1,5.0,
Reinforcement Learning,Gaussian,Bandit,1,Score,101,3.5,6.0,
Reinforcement Learning,Gaussian,Bandit,1,Score,102,1.7,8.0,
Reinforcement Learning,Gaussian,Bandit,1,Score,103,-0.4,9.0,
Reinforcement Learning,Gaussian,Bandit,1,Score,104,2.5,10.0,
Reinforcement Learning,Gaussian,Bandit,1,Score,105,-1.3,7.0,
Reinforcement Learning,Gaussian,Bandit,1,Score,106,2.9,8.0,
Reinforcement Learning,Gaussian,Bandit,1,Score,107,-3.6,1.0,
Reinforcement Learning,Gaussian,Bandit,1,Score,108,7.9,10.0,
Reinforcement Learning,Gaussian,Bandit,1,Score,109,8.1,7.0,
Reinforcement Learning,Gaussian,Bandit,1,Score,110,19.5,7.0,
Reinforcement Learning,Gaussian,Bandit,1,Score,111,-1.2,2.0,
Reinforcement Learning,Gaussian,Bandit,1,Score,112,7.4,1.0,
Reinforcement Learning,Gaussian,Bandit,1,Score,113,-1.5,3.0,
Reinforcement Learning,Gaussian,Bandit,1,Score,114,6.7,4.0,
Reinforcement Learning,Gaussian,Bandit,1,Score,115,0.9,5.0,
Reinforcement Learning,Gaussian,Bandit,1,Score,116,4.3,6.0,
Reinforcement Learning,Gaussian,Bandit,1,Score,117,1.9,8.0,
Reinforcement Learning,Gaussian,Bandit,1,Score,118,12.0,9.0,
Reinforcement Learning,Gaussian,Bandit,1,Score,119,0.4,10.0,
Reinforcement Learning,Gaussian,Bandit,1,Score,120,-0.6,6.0,
Reinforcement Learning,Gaussian,Bandit,1,Score,121,5.0,6.0,
Reinforcement Learning,Gaussian,Bandit,1,Score,122,3.1,1.0,
Reinforcement Learning,Gaussian,Bandit,1,Score,123,2.5,10.0,
Reinforcement Learning,Gaussian,Bandit,1,Score,124,6.0,2.0,
Reinforcement Learning,Gaussian,Bandit,1,Score,125,-5.2,1.0,
Reinforcement Learning,Gaussian,Bandit,1,Score,126,0.0,8.0,
Reinforcement Learning,Gaussian,Bandit,1,Score,127,8.5,6.0,
Reinforcement Learning,Gaussian,Bandit,1,Score,128,5.0,3.0,
Reinforcement Learning,Gaussian,Bandit,1,Score,129,-2.8,10.0,
Reinforcement Learning,Gaussian,Bandit,1,Score,130,0.1,1.0,
Reinforcement Learning,Gaussian,Bandit,1,Score,131,1.6,2.0,
Reinforcement Learning,Gaussian,Bandit,1,Score,132,-0.1,4.0,
Reinforcement Learning,Gaussian,Bandit,1,Score,133,2.2,5.0,
Reinforcement Learning,Gaussian,Bandit,1,Score,134,3.1,6.0,
Reinforcement Learning,Gaussian,Bandit,1,Score,135,6.6,7.0,
Reinforcement Learning,Gaussian,Bandit,1,Score,136,1.0,8.0,
Reinforcement Learning,Gaussian,Bandit,1,Score,137,9.8,9.0,
Reinforcement Learning,Gaussian,Bandit,1,Score,138,14.8,1.0,
Reinforcement Learning,Gaussian,Bandit,1,Score,139,-2.0,4.0,
Reinforcement Learning,Gaussian,Bandit,1,Score,140,7.0,2.0,
Reinforcement Learning,Gaussian,Bandit,1,Score,141,-1.9,3.0,
Reinforcement Learning,Gaussian,Bandit,1,Score,142,-1.2,5.0,
Reinforcement Learning,Gaussian,Bandit,1,Score,143,1.0,6.0,
Reinforcement Learning,Gaussian,Bandit,1,Score,144,-0.1,7.0,
Reinforcement Learning,Gaussian,Bandit,1,Score,145,-1.0,8.0,
Reinforcement Learning,Gaussian,Bandit,1,Score,146,-1.2,9.0,
Reinforcement Learning,Gaussian,Bandit,1,Score,147,4.5,10.0,
Reinforcement Learning,Gaussian,Bandit,1,Score,148,6.4,9.0,
Reinforcement Learning,Gaussian,Bandit,1,Score,149,1.6,8.0,
Reinforcement Learning,Gaussian,Bandit,1,Score,150,4.1,1.0,
Reinforcement Learning,Gaussian,Bandit,1,Score,151,8.6,2.0,
Reinforcement Learning,Gaussian,Bandit,1,Score,152,-1.1,3.0,
Reinforcement Learning,Gaussian,Bandit,1,Score,153,-2.1,4.0,
Reinforcement Learning,Gaussian,Bandit,1,Score,154,10.5,5.0,
Reinforcement Learning,Gaussian,Bandit,1,Score,155,5.5,6.0,
Reinforcement Learning,Gaussian,Bandit,1,Score,156,3.9,7.0,
Reinforcement Learning,Gaussian,Bandit,1,Score,157,1.2,10.0,
Reinforcement Learning,Gaussian,Bandit,1,Score,158,1.2,3.0,
Reinforcement Learning,Gaussian,Bandit,1,Score,159,4.4,7.0,
Reinforcement Learning,Gaussian,Bandit,1,Score,160,15.1,1.0,
Reinforcement Learning,Gaussian,Bandit,1,Score,161,11.1,2.0,
Reinforcement Learning,Gaussian,Bandit,1,Score,162,9.1,4.0,
Reinforcement Learning,Gaussian,Bandit,1,Score,163,8.8,5.0,
Reinforcement Learning,Gaussian,Bandit,1,Score,164,-0.3,6.0,
Reinforcement Learning,Gaussian,Bandit,1,Score,165,8.4,8.0,
Reinforcement Learning,Gaussian,Bandit,1,Score,166,17.2,9.0,
Reinforcement Learning,Gaussian,Bandit,1,Score,167,-2.0,10.0,
Reinforcement Learning,Gaussian,Bandit,1,Score,168,-1.0,5.0,
Reinforcement Learning,Gaussian,Bandit,1,Score,169,5.0,5.0,
Reinforcement Learning,Gaussian,Bandit,1,Score,170,12.4,10.0,
Reinforcement Learning,Gaussian,Bandit,1,Score,171,4.5,1.0,
Reinforcement Learning,Gaussian,Bandit,1,Score,172,7.2,2.0,
Reinforcement Learning,Gaussian,Bandit,1,Score,173,-3.3,3.0,
Reinforcement Learning,Gaussian,Bandit,1,Score,174,2.5,4.0,
Reinforcement Learning,Gaussian,Bandit,1,Score,175,10.0,6.0,
Reinforcement Learning,Gaussian,Bandit,1,Score,176,-0.5,7.0,
Reinforcement Learning,Gaussian,Bandit,1,Score,177,2.5,8.0,
Reinforcement Learning,Gaussian,Bandit,1,Score,178,-1.6,9.0,
Reinforcement Learning,Gaussian,Bandit,1,Score,179,0.3,9.0,
Reinforcement Learning,Gaussian,Bandit,1,Score,180,2.6,7.0,
Reinforcement Learning,Gaussian,Bandit,1,Score,181,8.8,1.0,
Reinforcement Learning,Gaussian,Bandit,1,Score,182,0.9,2.0,
Reinforcement Learning,Gaussian,Bandit,1,Score,183,2.7,3.0,
Reinforcement Learning,Gaussian,Bandit,1,Score,184,8.8,4.0,
Reinforcement Learning,Gaussian,Bandit,1,Score,185,0.2,5.0,
Reinforcement Learning,Gaussian,Bandit,1,Score,186,8.5,6.0,
Reinforcement Learning,Gaussian,Bandit,1,Score,187,6.5,8.0,
Reinforcement Learning,Gaussian,Bandit,1,Score,188,0.8,10.0,
Reinforcement Learning,Gaussian,Bandit,1,Score,189,7.3,5.0,
Reinforcement Learning,Gaussian,Bandit,1,Score,190,3.1,4.0,
Reinforcement Learning,Gaussian,Bandit,1,Score,191,-7.7,1.0,
Reinforcement Learning,Gaussian,Bandit,1,Score,192,-0.7,10.0,
Reinforcement Learning,Gaussian,Bandit,1,Score,193,13.4,7.0,
Reinforcement Learning,Gaussian,Bandit,1,Score,194,-2.4,1.0,
Reinforcement Learning,Gaussian,Bandit,1,Score,195,2.3,2.0,
Reinforcement Learning,Gaussian,Bandit,1,Score,196,0.3,3.0,
Reinforcement Learning,Gaussian,Bandit,1,Score,197,-5.8,4.0,
Reinforcement Learning,Gaussian,Bandit,1,Score,198,1.0,5.0,
Reinforcement Learning,Gaussian,Bandit,1,Score,199,-2.3,4.0,
Reinforcement Learning,Gaussian,Bandit,1,Score,200,-10.2,1.0,
Reinforcement Learning,Gaussian,Bandit,1,Score,201,8.3,8.0,
Reinforcement Learning,Gaussian,Bandit,1,Score,202,13.2,7.0,
Reinforcement Learning,Gaussian,Bandit,1,Score,203,1.11022302463e-16,1.0,
Reinforcement Learning,Gaussian,Bandit,1,Score,204,7.3,2.0,
Reinforcement Learning,Gaussian,Bandit,1,Score,205,2.7,3.0,
Reinforcement Learning,Gaussian,Bandit,1,Score,206,0.8,4.0,
Reinforcement Learning,Gaussian,Bandit,1,Score,207,0.7,5.0,
Reinforcement Learning,Gaussian,Bandit,1,Score,208,-1.8,6.0,
Reinforcement Learning,Gaussian,Bandit,1,Score,209,0.8,9.0,
Reinforcement Learning,Gaussian,Bandit,1,Score,210,14.4,10.0,
Reinforcement Learning,Gaussian,Bandit,1,Score,211,-1.1,10.0,
Reinforcement Learning,Gaussian,Bandit,1,Score,212,-3.4,10.0,
Reinforcement Learning,Gaussian,Bandit,1,Score,213,1.3,1.0,
Reinforcement Learning,Gaussian,Bandit,1,Score,214,11.4,2.0,
Reinforcement Learning,Gaussian,Bandit,1,Score,215,4.0,3.0,
Reinforcement Learning,Gaussian,Bandit,1,Score,216,5.3,4.0,
Reinforcement Learning,Gaussian,Bandit,1,Score,217,7.4,5.0,
Reinforcement Learning,Gaussian,Bandit,1,Score,218,10.3,6.0,
Reinforcement Learning,Gaussian,Bandit,1,Score,219,10.4,7.0,
Reinforcement Learning,Gaussian,Bandit,1,Score,220,5.4,8.0,
Reinforcement Learning,Gaussian,Bandit,1,Score,221,4.8,9.0,
Reinforcement Learning,Gaussian,Bandit,1,Score,222,1.1,9.0,
Reinforcement Learning,Gaussian,Bandit,1,Score,223,-7.2,6.0,
Reinforcement Learning,Gaussian,Bandit,1,Score,224,3.7,6.0,
Reinforcement Learning,Gaussian,Bandit,1,Score,225,14.2,6.0,
Reinforcement Learning,Gaussian,Bandit,1,Score,226,5.5,1.0,
Reinforcement Learning,Gaussian,Bandit,1,Score,227,10.8,2.0,
Reinforcement Learning,Gaussian,Bandit,1,Score,228,4.5,3.0,
Reinforcement Learning,Gaussian,Bandit,1,Score,229,3.5,4.0,
Reinforcement Learning,Gaussian,Bandit,1,Score,230,10.1,5.0,
Reinforcement Learning,Gaussian,Bandit,1,Score,231,-0.2,7.0,
Reinforcement Learning,Gaussian,Bandit,1,Score,232,5.6,8.0,
Reinforcement Learning,Gaussian,Bandit,1,Score,233,-0.7,9.0,
Reinforcement Learning,Gaussian,Bandit,1,Score,234,5.2,10.0,
Reinforcement Learning,Gaussian,Bandit,1,Score,235,-1.4,9.0,
Reinforcement Learning,Gaussian,Bandit,1,Score,236,8.8,9.0,
Reinforcement Learning,Gaussian,Bandit,1,Score,237,4.3,1.0,
Reinforcement Learning,Gaussian,Bandit,1,Score,238,3.4,7.0,
Reinforcement Learning,Gaussian,Bandit,1,Score,239,6.1,3.0,
Reinforcement Learning,Gaussian,Bandit,1,Score,240,0.1,1.0,
Reinforcement Learning,Gaussian,Bandit,1,Score,241,0.9,2.0,
Reinforcement Learning,Gaussian,Bandit,1,Score,242,-1.7,4.0,
Reinforcement Learning,Gaussian,Bandit,1,Score,243,9.1,5.0,
Reinforcement Learning,Gaussian,Bandit,1,Score,244,1.0,6.0,
Reinforcement Learning,Gaussian,Bandit,1,Score,245,1.0,8.0,
Reinforcement Learning,Gaussian,Bandit,1,Score,246,9.8,9.0,
Reinforcement Learning,Gaussian,Bandit,1,Score,247,-1.2,10.0,
Reinforcement Learning,Gaussian,Bandit,1,Score,248,5.4,9.0,
Reinforcement Learning,Gaussian,Bandit,1,Score,249,-0.6,6.0,
Reinforcement Learning,Gaussian,Bandit,1,Score,250,-6.8,1.0,
Reinforcement Learning,Gaussian,Bandit,1,Score,251,-0.2,4.0,
Reinforcement Learning,Gaussian,Bandit,1,Score,252,-0.6,5.0,
Reinforcement Learning,Gaussian,Bandit,1,Score,253,3.5,6.0,
Reinforcement Learning,Gaussian,Bandit,1,Score,254,3.6,1.0,
Reinforcement Learning,Gaussian,Bandit,1,Score,255,-1.2,2.0,
Reinforcement Learning,Gaussian,Bandit,1,Score,256,-0.4,3.0,
Reinforcement Learning,Gaussian,Bandit,1,Score,257,15.3,7.0,
Reinforcement Learning,Gaussian,Bandit,1,Score,258,21.0,8.0,
Reinforcement Learning,Gaussian,Bandit,1,Score,259,12.1,9.0,
Reinforcement Learning,Gaussian,Bandit,1,Score,260,5.4,10.0,
Reinforcement Learning,Gaussian,Bandit,1,Score,261,4.6,3.0,
Reinforcement Learning,Gaussian,Bandit,1,Score,262,3.1,1.0,
Reinforcement Learning,Gaussian,Bandit,1,Score,263,7.7,2.0,
Reinforcement Learning,Gaussian,Bandit,1,Score,264,2.7,4.0,
Reinforcement Learning,Gaussian,Bandit,1,Score,265,2.1,5.0,
Reinforcement Learning,Gaussian,Bandit,1,Score,266,8.0,6.0,
Reinforcement Learning,Gaussian,Bandit,1,Score,267,3.4,7.0,
Reinforcement Learning,Gaussian,Bandit,1,Score,268,9.3,8.0,
Reinforcement Learning,Gaussian,Bandit,1,Score,269,0.1,9.0,
Reinforcement Learning,Gaussian,Bandit,1,Score,270,15.4,10.0,
Reinforcement Learning,Gaussian,Bandit,1,Score,271,5.0,5.0,
Reinforcement Learning,Gaussian,Bandit,1,Score,272,13.5,5.0,
Reinforcement Learning,Gaussian,Bandit,1,Score,273,7.2,10.0,
Reinforcement Learning,Gaussian,Bandit,1,Score,274,-6.9,1.0,
Reinforcement Learning,Gaussian,Bandit,1,Score,275,1.8,1.0,
Reinforcement Learning,Gaussian,Bandit,1,Score,276,5.5,7.0,
Reinforcement Learning,Gaussian,Bandit,1,Score,277,14.9,2.0,
Reinforcement Learning,Gaussian,Bandit,1,Score,278,5.1,3.0,
Reinforcement Learning,Gaussian,Bandit,1,Score,279,11.4,4.0,
Reinforcement Learning,Gaussian,Bandit,1,Score,280,-1.0,5.0,
Reinforcement Learning,Gaussian,Bandit,1,Score,281,14.3,6.0,
Reinforcement Learning,Gaussian,Bandit,1,Score,282,3.7,8.0,
Reinforcement Learning,Gaussian,Bandit,1,Score,283,9.9,9.0,
Reinforcement Learning,Gaussian,Bandit,1,Score,284,3.6,10.0,
Reinforcement Learning,Gaussian,Bandit,1,Score,285,-1.3,8.0,
Reinforcement Learning,Gaussian,Bandit,1,Score,286,1.2,7.0,
Reinforcement Learning,Gaussian,Bandit,1,Score,287,-7.4,1.0,
Reinforcement Learning,Gaussian,Bandit,1,Score,288,-1.5,1.0,
Reinforcement Learning,Gaussian,Bandit,1,Score,289,0.2,6.0,
Reinforcement Learning,Gaussian,Bandit,1,Score,290,2.1,2.0,
Reinforcement Learning,Gaussian,Bandit,1,Score,291,0.9,3.0,
Reinforcement Learning,Gaussian,Bandit,1,Score,292,4.4,4.0,
Reinforcement Learning,Gaussian,Bandit,1,Score,293,2.9,5.0,
Reinforcement Learning,Gaussian,Bandit,1,Score,294,-0.2,7.0,
Reinforcement Learning,Gaussian,Bandit,1,Score,295,6.4,8.0,
Reinforcement Learning,Gaussian,Bandit,1,Score,296,3.2,9.0,
Reinforcement Learning,Gaussian,Bandit,1,Score,297,6.3,10.0,
Reinforcement Learning,Gaussian,Bandit,1,Score,298,-2.8,3.0,
Reinforcement Learning,Gaussian,Bandit,1,Score,299,3.2,4.0,
Reinforcement Learning,Gaussian,Bandit,1,Score,300,-2.1,1.0,
Reinforcement Learning,Gaussian,Bandit,1,Score,301,0.9,2.0,
Reinforcement Learning,Gaussian,Bandit,1,Score,302,2.7,5.0,
Reinforcement Learning,Gaussian,Bandit,1,Score,303,2.4,6.0,
Reinforcement Learning,Gaussian,Bandit,1,Score,304,4.3,7.0,
Reinforcement Learning,Gaussian,Bandit,1,Score,305,12.8,8.0,
Reinforcement Learning,Gaussian,Bandit,1,Score,306,5.6,9.0,
Reinforcement Learning,Gaussian,Bandit,1,Score,307,9.3,10.0,
Reinforcement Learning,Gaussian,Bandit,1,Score,308,1.6,1.0,
Reinforcement Learning,Gaussian,Bandit,1,Score,309,-1.2,10.0,
Reinforcement Learning,Gaussian,Bandit,1,Score,310,-2.1,2.0,
Reinforcement Learning,Gaussian,Bandit,1,Score,311,4.8,3.0,
Reinforcement Learning,Gaussian,Bandit,1,Score,312,0.3,4.0,
Reinforcement Learning,Gaussian,Bandit,1,Score,313,1.3,5.0,
Reinforcement Learning,Gaussian,Bandit,1,Score,314,8.3,6.0,
Reinforcement Learning,Gaussian,Bandit,1,Score,315,3.8,7.0,
Reinforcement Learning,Gaussian,Bandit,1,Score,316,6.8,8.0,
Reinforcement Learning,Gaussian,Bandit,1,Score,317,9.7,9.0,
Reinforcement Learning,Gaussian,Bandit,1,Score,318,3.3,8.0,
Reinforcement Learning,Gaussian,Bandit,1,Score,319,4.1,1.0,
Reinforcement Learning,Gaussian,Bandit,1,Score,320,-0.5,10.0,
Reinforcement Learning,Gaussian,Bandit,1,Score,321,0.2,2.0,
Reinforcement Learning,Gaussian,Bandit,1,Score,322,-4.9,3.0,
Reinforcement Learning,Gaussian,Bandit,1,Score,323,-7.9,5.0,
Reinforcement Learning,Gaussian,Bandit,1,Score,324,-1.1,9.0,
Reinforcement Learning,Gaussian,Bandit,1,Score,325,3.8,5.0,
Reinforcement Learning,Gaussian,Bandit,1,Score,326,0.8,7.0,
Reinforcement Learning,Gaussian,Bandit,1,Score,327,6.4,1.0,
Reinforcement Learning,Gaussian,Bandit,1,Score,328,13.6,2.0,
Reinforcement Learning,Gaussian,Bandit,1,Score,329,-0.8,3.0,
Reinforcement Learning,Gaussian,Bandit,1,Score,330,-0.5,4.0,
Reinforcement Learning,Gaussian,Bandit,1,Score,331,7.6,6.0,
Reinforcement Learning,Gaussian,Bandit,1,Score,332,2.7,8.0,
Reinforcement Learning,Gaussian,Bandit,1,Score,333,0.1,9.0,
Reinforcement Learning,Gaussian,Bandit,1,Score,334,-5.4,10.0,
Reinforcement Learning,Gaussian,Bandit,1,Score,335,14.0,8.0,
Reinforcement Learning,Gaussian,Bandit,1,Score,336,8.5,10.0,
Reinforcement Learning,Gaussian,Bandit,1,Score,337,-4.3,1.0,
Reinforcement Learning,Gaussian,Bandit,1,Score,338,7.9,2.0,
Reinforcement Learning,Gaussian,Bandit,1,Score,339,14.6,3.0,
Reinforcement Learning,Gaussian,Bandit,1,Score,340,10.5,4.0,
Reinforcement Learning,Gaussian,Bandit,1,Score,341,0.4,5.0,
Reinforcement Learning,Gaussian,Bandit,1,Score,342,6.4,6.0,
Reinforcement Learning,Gaussian,Bandit,1,Score,343,0.4,7.0,
Reinforcement Learning,Gaussian,Bandit,1,Score,344,7.3,9.0,
Reinforcement Learning,Gaussian,Bandit,1,Score,345,9.2,10.0,
Reinforcement Learning,Gaussian,Bandit,1,Score,346,1.11022302463e-16,10.0,
Reinforcement Learning,Gaussian,Bandit,1,Score,347,-3.2,1.0,
Reinforcement Learning,Gaussian,Bandit,1,Score,348,11.1,2.0,
Reinforcement Learning,Gaussian,Bandit,1,Score,349,3.3,4.0,
Reinforcement Learning,Gaussian,Bandit,1,Score,350,9.0,9.0,
Reinforcement Learning,Gaussian,Bandit,1,Score,351,2.6,1.0,
Reinforcement Learning,Gaussian,Bandit,1,Score,352,7.2,2.0,
Reinforcement Learning,Gaussian,Bandit,1,Score,353,-8.3,3.0,
Reinforcement Learning,Gaussian,Bandit,1,Score,354,2.2,7.0,
Reinforcement Learning,Gaussian,Bandit,1,Score,355,10.6,3.0,
Reinforcement Learning,Gaussian,Bandit,1,Score,356,-1.1,1.0,
Reinforcement Learning,Gaussian,Bandit,1,Score,357,-1.2,2.0,
Reinforcement Learning,Gaussian,Bandit,1,Score,358,2.4,4.0,
Reinforcement Learning,Gaussian,Bandit,1,Score,359,13.9,5.0,
Reinforcement Learning,Gaussian,Bandit,1,Score,360,1.9,6.0,
Reinforcement Learning,Gaussian,Bandit,1,Score,361,4.3,8.0,
Reinforcement Learning,Gaussian,Bandit,1,Score,362,3.9,9.0,
Reinforcement Learning,Gaussian,Bandit,1,Score,363,9.0,10.0,
Reinforcement Learning,Gaussian,Bandit,1,Score,364,14.2,2.0,
Reinforcement Learning,Gaussian,Bandit,1,Score,365,-3.6,5.0,
Reinforcement Learning,Gaussian,Bandit,1,Score,366,-6.4,1.0,
Reinforcement Learning,Gaussian,Bandit,1,Score,367,0.6,1.0,
Reinforcement Learning,Gaussian,Bandit,1,Score,368,12.1,8.0,
Reinforcement Learning,Gaussian,Bandit,1,Score,369,3.9,2.0,
Reinforcement Learning,Gaussian,Bandit,1,Score,370,7.0,3.0,
Reinforcement Learning,Gaussian,Bandit,1,Score,371,3.5,4.0,
Reinforcement Learning,Gaussian,Bandit,1,Score,372,0.9,5.0,
Reinforcement Learning,Gaussian,Bandit,1,Score,373,-2.1,6.0,
Reinforcement Learning,Gaussian,Bandit,1,Score,374,-1.9,7.0,
Reinforcement Learning,Gaussian,Bandit,1,Score,375,9.3,9.0,
Reinforcement Learning,Gaussian,Bandit,1,Score,376,2.9,10.0,
Reinforcement Learning,Gaussian,Bandit,1,Score,377,-0.3,4.0,
Reinforcement Learning,Gaussian,Bandit,1,Score,378,-4.6,9.0,
Reinforcement Learning,Gaussian,Bandit,1,Score,379,0.0,8.0,
Reinforcement Learning,Gaussian,Bandit,1,Score,380,-3.0,9.0,
Reinforcement Learning,Gaussian,Bandit,1,Score,381,0.6,4.0,
Reinforcement Learning,Gaussian,Bandit,1,Score,382,0.2,7.0,
Reinforcement Learning,Gaussian,Bandit,1,Score,383,-0.5,10.0,
Reinforcement Learning,Gaussian,Bandit,1,Score,384,-0.8,9.0,
Reinforcement Learning,Gaussian,Bandit,1,Score,385,0.8,1.0,
Reinforcement Learning,Gaussian,Bandit,1,Score,386,4.0,2.0,
Reinforcement Learning,Gaussian,Bandit,1,Score,387,1.1,3.0,
Reinforcement Learning,Gaussian,Bandit,1,Score,388,3.9,5.0,
Reinforcement Learning,Gaussian,Bandit,1,Score,389,5.9,6.0,
Reinforcement Learning,Gaussian,Bandit,1,Score,390,-2.0,8.0,
Reinforcement Learning,Gaussian,Bandit,1,Score,391,7.5,8.0,
Reinforcement Learning,Gaussian,Bandit,1,Score,392,4.2,2.0,
Reinforcement Learning,Gaussian,Bandit,1,Score,393,0.5,1.0,
Reinforcement Learning,Gaussian,Bandit,1,Score,394,12.5,3.0,
Reinforcement Learning,Gaussian,Bandit,1,Score,395,-2.1,4.0,
Reinforcement Learning,Gaussian,Bandit,1,Score,396,-1.7,5.0,
Reinforcement Learning,Gaussian,Bandit,1,Score,397,3.4,6.0,
Reinforcement Learning,Gaussian,Bandit,1,Score,398,0.9,7.0,
Reinforcement Learning,Gaussian,Bandit,1,Score,399,12.2,9.0,
Reinforcement Learning,Gaussian,Bandit,1,Score,400,3.9,10.0,
Reinforcement Learning,Gaussian,Bandit,1,Score,401,8.4,2.0,
Reinforcement Learning,Gaussian,Bandit,1,Score,402,1.0,1.0,
Reinforcement Learning,Gaussian,Bandit,1,Score,403,3.8,3.0,
Reinforcement Learning,Gaussian,Bandit,1,Score,404,5.1,4.0,
Reinforcement Learning,Gaussian,Bandit,1,Score,405,14.1,5.0,
Reinforcement Learning,Gaussian,Bandit,1,Score,406,-3.9,6.0,
Reinforcement Learning,Gaussian,Bandit,1,Score,407,3.4,7.0,
Reinforcement Learning,Gaussian,Bandit,1,Score,408,-2.3,8.0,
Reinforcement Learning,Gaussian,Bandit,1,Score,409,15.9,9.0,
Reinforcement Learning,Gaussian,Bandit,1,Score,410,3.7,10.0,
Reinforcement Learning,Gaussian,Bandit,1,Score,411,0.0,1.0,
Reinforcement Learning,Gaussian,Bandit,1,Score,412,-0.6,4.0,
Reinforcement Learning,Gaussian,Bandit,1,Score,413,-5.6,5.0,
Reinforcement Learning,Gaussian,Bandit,1,Score,414,15.8,6.0,
Reinforcement Learning,Gaussian,Bandit,1,Score,415,0.4,9.0,
Reinforcement Learning,Gaussian,Bandit,1,Score,416,0.8,1.0,
Reinforcement Learning,Gaussian,Bandit,1,Score,417,6.9,2.0,
Reinforcement Learning,Gaussian,Bandit,1,Score,418,5.4,3.0,
Reinforcement Learning,Gaussian,Bandit,1,Score,419,15.5,4.0,
Reinforcement Learning,Gaussian,Bandit,1,Score,420,2.6,5.0,
Reinforcement Learning,Gaussian,Bandit,1,Score,421,-3.9,7.0,
Reinforcement Learning,Gaussian,Bandit,1,Score,422,-1.11022302463e-16,8.0,
Reinforcement Learning,Gaussian,Bandit,1,Score,423,2.4,10.0,
Reinforcement Learning,Gaussian,Bandit,1,Score,424,13.5,4.0,
Reinforcement Learning,Gaussian,Bandit,1,Score,425,8.4,8.0,
Reinforcement Learning,Gaussian,Bandit,1,Score,426,8.6,1.0,
Reinforcement Learning,Gaussian,Bandit,1,Score,427,2.3,2.0,
Reinforcement Learning,Gaussian,Bandit,1,Score,428,2.4,3.0,
Reinforcement Learning,Gaussian,Bandit,1,Score,429,0.3,5.0,
Reinforcement Learning,Gaussian,Bandit,1,Score,430,2.2,6.0,
Reinforcement Learning,Gaussian,Bandit,1,Score,431,-4.1,7.0,
Reinforcement Learning,Gaussian,Bandit,1,Score,432,0.8,9.0,
Reinforcement Learning,Gaussian,Bandit,1,Score,433,1.3,10.0,
Reinforcement Learning,Gaussian,Bandit,1,Score,434,-0.5,1.0,
Reinforcement Learning,Gaussian,Bandit,1,Score,435,3.5,8.0,
Reinforcement Learning,Gaussian,Bandit,1,Score,436,7.7,2.0,
Reinforcement Learning,Gaussian,Bandit,1,Score,437,8.0,3.0,
Reinforcement Learning,Gaussian,Bandit,1,Score,438,1.1,4.0,
Reinforcement Learning,Gaussian,Bandit,1,Score,439,2.1,5.0,
Reinforcement Learning,Gaussian,Bandit,1,Score,440,3.6,6.0,
Reinforcement Learning,Gaussian,Bandit,1,Score,441,3.6,7.0,
Reinforcement Learning,Gaussian,Bandit,1,Score,442,-0.2,9.0,
Reinforcement Learning,Gaussian,Bandit,1,Score,443,6.0,10.0,
Reinforcement Learning,Gaussian,Bandit,1,Score,444,3.3,6.0,
Reinforcement Learning,Gaussian,Bandit,1,Score,445,8.1,8.0,
Reinforcement Learning,Gaussian,Bandit,1,Score,446,1.2,1.0,
Reinforcement Learning,Gaussian,Bandit,1,Score,447,6.6,2.0,
Reinforcement Learning,Gaussian,Bandit,1,Score,448,1.6,3.0,
Reinforcement Learning,Gaussian,Bandit,1,Score,449,6.0,4.0,
Reinforcement Learning,Gaussian,Bandit,1,Score,450,3.0,5.0,
Reinforcement Learning,Gaussian,Bandit,1,Score,451,-1.0,7.0,
Reinforcement Learning,Gaussian,Bandit,1,Score,452,4.2,9.0,
Reinforcement Learning,Gaussian,Bandit,1,Score,453,-3.5,10.0,
Reinforcement Learning,Gaussian,Bandit,1,Score,454,15.8,8.0,
Reinforcement Learning,Gaussian,Bandit,1,Score,455,8.4,4.0,
Reinforcement Learning,Gaussian,Bandit,1,Score,456,9.9,1.0,
Reinforcement Learning,Gaussian,Bandit,1,Score,457,4.6,2.0,
Reinforcement Learning,Gaussian,Bandit,1,Score,458,6.0,3.0,
Reinforcement Learning,Gaussian,Bandit,1,Score,459,1.7,5.0,
Reinforcement Learning,Gaussian,Bandit,1,Score,460,1.2,6.0,
Reinforcement Learning,Gaussian,Bandit,1,Score,461,14.6,7.0,
Reinforcement Learning,Gaussian,Bandit,1,Score,462,-3.5,9.0,
Reinforcement Learning,Gaussian,Bandit,1,Score,463,-0.5,10.0,
Reinforcement Learning,Gaussian,Bandit,1,Score,464,1.5,1.0,
Reinforcement Learning,Gaussian,Bandit,1,Score,465,2.3,6.0,
Reinforcement Learning,Gaussian,Bandit,1,Score,466,14.4,2.0,
Reinforcement Learning,Gaussian,Bandit,1,Score,467,8.4,3.0,
Reinforcement Learning,Gaussian,Bandit,1,Score,468,19.7,4.0,
Reinforcement Learning,Gaussian,Bandit,1,Score,469,16.3,5.0,
Reinforcement Learning,Gaussian,Bandit,1,Score,470,14.6,7.0,
Reinforcement Learning,Gaussian,Bandit,1,Score,471,10.1,8.0,
Reinforcement Learning,Gaussian,Bandit,1,Score,472,3.4,9.0,
Reinforcement Learning,Gaussian,Bandit,1,Score,473,13.7,10.0,
Reinforcement Learning,Gaussian,Bandit,1,Score,474,6.4,8.0,
Reinforcement Learning,Gaussian,Bandit,1,Score,475,14.9,1.0,
Reinforcement Learning,Gaussian,Bandit,1,Score,476,5.1,2.0,
Reinforcement Learning,Gaussian,Bandit,1,Score,477,-1.0,3.0,
Reinforcement Learning,Gaussian,Bandit,1,Score,478,-2.1,4.0,
Reinforcement Learning,Gaussian,Bandit,1,Score,479,11.2,5.0,
Reinforcement Learning,Gaussian,Bandit,1,Score,480,11.8,6.0,
Reinforcement Learning,Gaussian,Bandit,1,Score,481,-0.5,7.0,
Reinforcement Learning,Gaussian,Bandit,1,Score,482,6.1,9.0,
Reinforcement Learning,Gaussian,Bandit,1,Score,483,8.5,10.0,
Reinforcement Learning,Gaussian,Bandit,1,Score,484,1.3,9.0,
Reinforcement Learning,Gaussian,Bandit,1,Score,485,3.7,6.0,
Reinforcement Learning,Gaussian,Bandit,1,Score,486,-5.2,1.0,
Reinforcement Learning,Gaussian,Bandit,1,Score,487,-6.3,5.0,
Reinforcement Learning,Gaussian,Bandit,1,Score,488,5.2,5.0,
Reinforcement Learning,Gaussian,Bandit,1,Score,489,-7.0,1.0,
Reinforcement Learning,Gaussian,Bandit,1,Score,490,-0.6,2.0,
Reinforcement Learning,Gaussian,Bandit,1,Score,491,4.4,1.0,
Reinforcement Learning,Gaussian,Bandit,1,Score,492,10.5,1.0,
Reinforcement Learning,Gaussian,Bandit,1,Score,493,2.2,10.0,
Reinforcement Learning,Gaussian,Bandit,1,Score,494,1.2,10.0,
Reinforcement Learning,Gaussian,Bandit,1,Score,495,10.9,10.0,
Reinforcement Learning,Gaussian,Bandit,1,Score,496,1.9,1.0,
Reinforcement Learning,Gaussian,Bandit,1,Score,497,4.3,2.0,
Reinforcement Learning,Gaussian,Bandit,1,Score,498,6.1,3.0,
Reinforcement Learning,Gaussian,Bandit,1,Score,499,10.0,4.0,
Reinforcement Learning,Gaussian,Bandit,1,Score,500,-1.2,5.0,
Reinforcement Learning,Gaussian,Bandit,1,Score,501,7.1,6.0,
Reinforcement Learning,Gaussian,Bandit,1,Score,502,12.4,7.0,
Reinforcement Learning,Gaussian,Bandit,1,Score,503,9.3,8.0,
Reinforcement Learning,Gaussian,Bandit,1,Score,504,-1.1,9.0,
Reinforcement Learning,Gaussian,Bandit,1,Score,505,0.3,5.0,
Reinforcement Learning,Gaussian,Bandit,1,Score,506,7.3,2.0,
Reinforcement Learning,Gaussian,Bandit,1,Score,507,3.1,1.0,
Reinforcement Learning,Gaussian,Bandit,1,Score,508,2.8,3.0,
Reinforcement Learning,Gaussian,Bandit,1,Score,509,0.8,4.0,
Reinforcement Learning,Gaussian,Bandit,1,Score,510,-2.2,6.0,
Reinforcement Learning,Gaussian,Bandit,1,Score,511,0.1,7.0,
Reinforcement Learning,Gaussian,Bandit,1,Score,512,4.0,8.0,
Reinforcement Learning,Gaussian,Bandit,1,Score,513,3.5,9.0,
Reinforcement Learning,Gaussian,Bandit,1,Score,514,15.3,10.0,
Reinforcement Learning,Gaussian,Bandit,1,Score,515,7.5,9.0,
Reinforcement Learning,Gaussian,Bandit,1,Score,516,0.5,3.0,
Reinforcement Learning,Gaussian,Bandit,1,Score,517,10.4,1.0,
Reinforcement Learning,Gaussian,Bandit,1,Score,518,4.3,2.0,
Reinforcement Learning,Gaussian,Bandit,1,Score,519,0.6,4.0,
Reinforcement Learning,Gaussian,Bandit,1,Score,520,5.1,5.0,
Reinforcement Learning,Gaussian,Bandit,1,Score,521,10.1,6.0,
Reinforcement Learning,Gaussian,Bandit,1,Score,522,-4.4,7.0,
Reinforcement Learning,Gaussian,Bandit,1,Score,523,11.5,8.0,
Reinforcement Learning,Gaussian,Bandit,1,Score,524,10.2,10.0,
Reinforcement Learning,Gaussian,Bandit,1,Score,525,0.7,5.0,
Reinforcement Learning,Gaussian,Bandit,1,Score,526,-4.6,10.0,
Reinforcement Learning,Gaussian,Bandit,1,Score,527,7.5,4.0,
Reinforcement Learning,Gaussian,Bandit,1,Score,528,-2.0,3.0,
Reinforcement Learning,Gaussian,Bandit,1,Score,529,-9.2,1.0,
Reinforcement Learning,Gaussian,Bandit,1,Score,530,7.3,1.0,
Reinforcement Learning,Gaussian,Bandit,1,Score,531,13.2,7.0,
Reinforcement Learning,Gaussian,Bandit,1,Score,532,0.8,2.0,
Reinforcement Learning,Gaussian,Bandit,1,Score,533,-0.1,3.0,
Reinforcement Learning,Gaussian,Bandit,1,Score,534,10.0,4.0,
Reinforcement Learning,Gaussian,Bandit,1,Score,535,-1.8,5.0,
Reinforcement Learning,Gaussian,Bandit,1,Score,536,1.6,6.0,
Reinforcement Learning,Gaussian,Bandit,1,Score,537,7.0,8.0,
Reinforcement Learning,Gaussian,Bandit,1,Score,538,0.0,9.0,
Reinforcement Learning,Gaussian,Bandit,1,Score,539,1.8,10.0,
Reinforcement Learning,Gaussian,Bandit,1,Score,540,6.8,6.0,
Reinforcement Learning,Gaussian,Bandit,1,Score,541,-2.8,3.0,
Reinforcement Learning,Gaussian,Bandit,1,Score,542,-11.4,1.0,
Reinforcement Learning,Gaussian,Bandit,1,Score,543,0.9,7.0,
Reinforcement Learning,Gaussian,Bandit,1,Score,544,7.3,4.0,
Reinforcement Learning,Gaussian,Bandit,1,Score,545,1.9,1.0,
Reinforcement Learning,Gaussian,Bandit,1,Score,546,14.3,2.0,
Reinforcement Learning,Gaussian,Bandit,1,Score,547,9.3,3.0,
Reinforcement Learning,Gaussian,Bandit,1,Score,548,7.3,5.0,
Reinforcement Learning,Gaussian,Bandit,1,Score,549,-3.4,6.0,
Reinforcement Learning,Gaussian,Bandit,1,Score,550,-3.6,8.0,
Reinforcement Learning,Gaussian,Bandit,1,Score,551,10.9,9.0,
Reinforcement Learning,Gaussian,Bandit,1,Score,552,11.8,10.0,
Reinforcement Learning,Gaussian,Bandit,1,Score,553,0.9,1.0,
Reinforcement Learning,Gaussian,Bandit,1,Score,554,-0.3,3.0,
Reinforcement Learning,Gaussian,Bandit,1,Score,555,-0.8,2.0,
Reinforcement Learning,Gaussian,Bandit,1,Score,556,4.4,4.0,
Reinforcement Learning,Gaussian,Bandit,1,Score,557,-10.5,5.0,
Reinforcement Learning,Gaussian,Bandit,1,Score,558,-3.0,6.0,
Reinforcement Learning,Gaussian,Bandit,1,Score,559,7.7,2.0,
Reinforcement Learning,Gaussian,Bandit,1,Score,560,-1.2,1.0,
Reinforcement Learning,Gaussian,Bandit,1,Score,561,1.8,3.0,
Reinforcement Learning,Gaussian,Bandit,1,Score,562,-2.6,4.0,
Reinforcement Learning,Gaussian,Bandit,1,Score,563,1.5,5.0,
Reinforcement Learning,Gaussian,Bandit,1,Score,564,10.1,7.0,
Reinforcement Learning,Gaussian,Bandit,1,Score,565,5.2,8.0,
Reinforcement Learning,Gaussian,Bandit,1,Score,566,6.9,9.0,
Reinforcement Learning,Gaussian,Bandit,1,Score,567,0.3,10.0,
Reinforcement Learning,Gaussian,Bandit,1,Score,568,8.6,8.0,
Reinforcement Learning,Gaussian,Bandit,1,Score,569,4.0,2.0,
Reinforcement Learning,Gaussian,Bandit,1,Score,570,2.4,1.0,
Reinforcement Learning,Gaussian,Bandit,1,Score,571,1.4,3.0,
Reinforcement Learning,Gaussian,Bandit,1,Score,572,13.0,4.0,
Reinforcement Learning,Gaussian,Bandit,1,Score,573,13.9,5.0,
Reinforcement Learning,Gaussian,Bandit,1,Score,574,6.0,6.0,
Reinforcement Learning,Gaussian,Bandit,1,Score,575,1.6,7.0,
Reinforcement Learning,Gaussian,Bandit,1,Score,576,16.1,9.0,
Reinforcement Learning,Gaussian,Bandit,1,Score,577,0.9,10.0,
Reinforcement Learning,Gaussian,Bandit,1,Score,578,4.6,5.0,
Reinforcement Learning,Gaussian,Bandit,1,Score,579,6.8,3.0,
Reinforcement Learning,Gaussian,Bandit,1,Score,580,-3.2,1.0,
Reinforcement Learning,Gaussian,Bandit,1,Score,581,13.2,2.0,
Reinforcement Learning,Gaussian,Bandit,1,Score,582,2.3,4.0,
Reinforcement Learning,Gaussian,Bandit,1,Score,583,5.1,6.0,
Reinforcement Learning,Gaussian,Bandit,1,Score,584,-0.6,7.0,
Reinforcement Learning,Gaussian,Bandit,1,Score,585,-1.8,8.0,
Reinforcement Learning,Gaussian,Bandit,1,Score,586,3.2,9.0,
Reinforcement Learning,Gaussian,Bandit,1,Score,587,7.5,10.0,
Reinforcement Learning,Gaussian,Bandit,1,Score,588,-4.4,2.0,
Reinforcement Learning,Gaussian,Bandit,1,Score,589,-1.4,2.0,
Reinforcement Learning,Gaussian,Bandit,1,Score,590,4.9,10.0,
Reinforcement Learning,Gaussian,Bandit,1,Score,591,0.4,1.0,
Reinforcement Learning,Gaussian,Bandit,1,Score,592,3.6,5.0,
Reinforcement Learning,Gaussian,Bandit,1,Score,593,0.5,3.0,
Reinforcement Learning,Gaussian,Bandit,1,Score,594,8.1,4.0,
Reinforcement Learning,Gaussian,Bandit,1,Score,595,1.1,6.0,
Reinforcement Learning,Gaussian,Bandit,1,Score,596,1.8,7.0,
Reinforcement Learning,Gaussian,Bandit,1,Score,597,0.9,8.0,
Reinforcement Learning,Gaussian,Bandit,1,Score,598,-2.4,9.0,
Reinforcement Learning,Gaussian,Bandit,1,Score,599,-4.0,2.0,
Reinforcement Learning,Gaussian,Bandit,1,Score,600,10.9,3.0,
Reinforcement Learning,Gaussian,Bandit,1,Score,601,-1.6,1.0,
Reinforcement Learning,Gaussian,Bandit,1,Score,602,1.6,4.0,
Reinforcement Learning,Gaussian,Bandit,1,Score,603,8.6,5.0,
Reinforcement Learning,Gaussian,Bandit,1,Score,604,4.6,6.0,
Reinforcement Learning,Gaussian,Bandit,1,Score,605,10.2,7.0,
Reinforcement Learning,Gaussian,Bandit,1,Score,606,-2.9,8.0,
Reinforcement Learning,Gaussian,Bandit,1,Score,607,0.6,9.0,
Reinforcement Learning,Gaussian,Bandit,1,Score,608,-4.7,10.0,
Reinforcement Learning,Gaussian,Bandit,1,Score,609,2.8,9.0,
Reinforcement Learning,Gaussian,Bandit,1,Score,610,-0.6,5.0,
Reinforcement Learning,Gaussian,Bandit,1,Score,611,1.2,1.0,
Reinforcement Learning,Gaussian,Bandit,1,Score,612,2.3,2.0,
Reinforcement Learning,Gaussian,Bandit,1,Score,613,11.5,3.0,
Reinforcement Learning,Gaussian,Bandit,1,Score,614,3.6,4.0,
Reinforcement Learning,Gaussian,Bandit,1,Score,615,3.6,6.0,
Reinforcement Learning,Gaussian,Bandit,1,Score,616,0.6,7.0,
Reinforcement Learning,Gaussian,Bandit,1,Score,617,-0.1,8.0,
Reinforcement Learning,Gaussian,Bandit,1,Score,618,10.8,10.0,
Reinforcement Learning,Gaussian,Bandit,1,Score,619,-6.3,7.0,
Reinforcement Learning,Gaussian,Bandit,1,Score,620,3.7,1.0,
Reinforcement Learning,Gaussian,Bandit,1,Score,621,6.8,3.0,
Reinforcement Learning,Gaussian,Bandit,1,Score,622,2.7,9.0,
Reinforcement Learning,Gaussian,Bandit,1,Score,623,9.5,1.0,
Reinforcement Learning,Gaussian,Bandit,1,Score,624,8.4,2.0,
Reinforcement Learning,Gaussian,Bandit,1,Score,625,-1.4,4.0,
Reinforcement Learning,Gaussian,Bandit,1,Score,626,-3.2,5.0,
Reinforcement Learning,Gaussian,Bandit,1,Score,627,9.5,6.0,
Reinforcement Learning,Gaussian,Bandit,1,Score,628,10.8,7.0,
Reinforcement Learning,Gaussian,Bandit,1,Score,629,3.0,8.0,
Reinforcement Learning,Gaussian,Bandit,1,Score,630,-2.5,10.0,
Reinforcement Learning,Gaussian,Bandit,1,Score,631,-11.4,10.0,
Reinforcement Learning,Gaussian,Bandit,1,Score,632,10.3,9.0,
Reinforcement Learning,Gaussian,Bandit,1,Score,633,0.9,2.0,
Reinforcement Learning,Gaussian,Bandit,1,Score,634,12.5,10.0,
Reinforcement Learning,Gaussian,Bandit,1,Score,635,0.5,1.0,
Reinforcement Learning,Gaussian,Bandit,1,Score,636,11.5,3.0,
Reinforcement Learning,Gaussian,Bandit,1,Score,637,0.0,4.0,
Reinforcement Learning,Gaussian,Bandit,1,Score,638,11.0,5.0,
Reinforcement Learning,Gaussian,Bandit,1,Score,639,11.7,5.0,
Reinforcement Learning,Gaussian,Bandit,1,Score,640,-1.8,10.0,
Reinforcement Learning,Gaussian,Bandit,1,Score,641,-9.4,1.0,
Reinforcement Learning,Gaussian,Bandit,1,Score,642,13.6,2.0,
Reinforcement Learning,Gaussian,Bandit,1,Score,643,2.4,3.0,
Reinforcement Learning,Gaussian,Bandit,1,Score,644,7.8,4.0,
Reinforcement Learning,Gaussian,Bandit,1,Score,645,-0.9,6.0,
Reinforcement Learning,Gaussian,Bandit,1,Score,646,11.7,7.0,
Reinforcement Learning,Gaussian,Bandit,1,Score,647,1.8,8.0,
Reinforcement Learning,Gaussian,Bandit,1,Score,648,0.4,9.0,
Reinforcement Learning,Gaussian,Bandit,1,Score,649,6.7,5.0,
Reinforcement Learning,Gaussian,Bandit,1,Score,650,15.2,4.0,
Reinforcement Learning,Gaussian,Bandit,1,Score,651,-6.2,1.0,
Reinforcement Learning,Gaussian,Bandit,1,Score,652,9.8,2.0,
Reinforcement Learning,Gaussian,Bandit,1,Score,653,6.9,3.0,
Reinforcement Learning,Gaussian,Bandit,1,Score,654,-1.9,7.0,
Reinforcement Learning,Gaussian,Bandit,1,Score,655,13.5,2.0,
Reinforcement Learning,Gaussian,Bandit,1,Score,656,0.4,1.0,
Reinforcement Learning,Gaussian,Bandit,1,Score,657,3.7,3.0,
Reinforcement Learning,Gaussian,Bandit,1,Score,658,0.8,4.0,
Reinforcement Learning,Gaussian,Bandit,1,Score,659,-1.5,5.0,
Reinforcement Learning,Gaussian,Bandit,1,Score,660,12.3,6.0,
Reinforcement Learning,Gaussian,Bandit,1,Score,661,10.4,8.0,
Reinforcement Learning,Gaussian,Bandit,1,Score,662,9.4,9.0,
Reinforcement Learning,Gaussian,Bandit,1,Score,663,3.6,10.0,
Reinforcement Learning,Gaussian,Bandit,1,Score,664,4.9,6.0,
Reinforcement Learning,Gaussian,Bandit,1,Score,665,9.8,10.0,
Reinforcement Learning,Gaussian,Bandit,1,Score,666,0.0,1.0,
Reinforcement Learning,Gaussian,Bandit,1,Score,667,1.5,5.0,
Reinforcement Learning,Gaussian,Bandit,1,Score,668,-3.6,7.0,
Reinforcement Learning,Gaussian,Bandit,1,Score,669,-3.6,8.0,
Reinforcement Learning,Gaussian,Bandit,1,Score,670,2.7,1.0,
Reinforcement Learning,Gaussian,Bandit,1,Score,671,3.3,1.0,
Reinforcement Learning,Gaussian,Bandit,1,Score,672,9.8,9.0,
Reinforcement Learning,Gaussian,Bandit,1,Score,673,11.6,2.0,
Reinforcement Learning,Gaussian,Bandit,1,Score,674,7.2,3.0,
Reinforcement Learning,Gaussian,Bandit,1,Score,675,9.3,4.0,
Reinforcement Learning,Gaussian,Bandit,1,Score,676,-1.0,5.0,
Reinforcement Learning,Gaussian,Bandit,1,Score,677,-0.6,6.0,
Reinforcement Learning,Gaussian,Bandit,1,Score,678,8.0,7.0,
Reinforcement Learning,Gaussian,Bandit,1,Score,679,5.2,8.0,
Reinforcement Learning,Gaussian,Bandit,1,Score,680,5.2,10.0,
Reinforcement Learning,Gaussian,Bandit,1,Score,681,12.8,4.0,
Reinforcement Learning,Gaussian,Bandit,1,Score,682,-2.4,3.0,
Reinforcement Learning,Gaussian,Bandit,1,Score,683,5.4,1.0,
Reinforcement Learning,Gaussian,Bandit,1,Score,684,5.8,2.0,
Reinforcement Learning,Gaussian,Bandit,1,Score,685,16.9,5.0,
Reinforcement Learning,Gaussian,Bandit,1,Score,686,3.8,6.0,
Reinforcement Learning,Gaussian,Bandit,1,Score,687,5.2,7.0,
Reinforcement Learning,Gaussian,Bandit,1,Score,688,0.2,8.0,
Reinforcement Learning,Gaussian,Bandit,1,Score,689,-2.8,9.0,
Reinforcement Learning,Gaussian,Bandit,1,Score,690,-1.7,10.0,
Reinforcement Learning,Gaussian,Bandit,1,Score,691,-3.3,2.0,
Reinforcement Learning,Gaussian,Bandit,1,Score,692,-0.9,5.0,
Reinforcement Learning,Gaussian,Bandit,1,Score,693,-1.7,2.0,
Reinforcement Learning,Gaussian,Bandit,1,Score,694,-2.2,4.0,
Reinforcement Learning,Gaussian,Bandit,1,Score,695,12.5,10.0,
Reinforcement Learning,Gaussian,Bandit,1,Score,696,-0.5,1.0,
Reinforcement Learning,Gaussian,Bandit,1,Score,697,-2.2,3.0,
Reinforcement Learning,Gaussian,Bandit,1,Score,698,3.2,5.0,
Reinforcement Learning,Gaussian,Bandit,1,Score,699,-1.1,6.0,
Reinforcement Learning,Gaussian,Bandit,1,Score,700,6.9,7.0,
Reinforcement Learning,Gaussian,Bandit,1,Score,701,0.9,8.0,
Reinforcement Learning,Gaussian,Bandit,1,Score,702,1.2,9.0,
Reinforcement Learning,Gaussian,Bandit,1,Score,703,0.7,3.0,
Reinforcement Learning,Gaussian,Bandit,1,Score,704,-1.0,9.0,
Reinforcement Learning,Gaussian,Bandit,1,Score,705,-0.7,1.0,
Reinforcement Learning,Gaussian,Bandit,1,Score,706,8.7,2.0,
Reinforcement Learning,Gaussian,Bandit,1,Score,707,8.8,4.0,
Reinforcement Learning,Gaussian,Bandit,1,Score,708,0.6,5.0,
Reinforcement Learning,Gaussian,Bandit,1,Score,709,-3.1,6.0,
Reinforcement Learning,Gaussian,Bandit,1,Score,710,0.5,7.0,
Reinforcement Learning,Gaussian,Bandit,1,Score,711,5.5,8.0,
Reinforcement Learning,Gaussian,Bandit,1,Score,712,11.3,10.0,
Reinforcement Learning,Gaussian,Bandit,1,Score,713,6.4,9.0,
Reinforcement Learning,Gaussian,Bandit,1,Score,714,-0.2,8.0,
Reinforcement Learning,Gaussian,Bandit,1,Score,715,-1.8,1.0,
Reinforcement Learning,Gaussian,Bandit,1,Score,716,11.0,2.0,
Reinforcement Learning,Gaussian,Bandit,1,Score,717,13.7,3.0,
Reinforcement Learning,Gaussian,Bandit,1,Score,718,-1.3,4.0,
Reinforcement Learning,Gaussian,Bandit,1,Score,719,5.5,5.0,
Reinforcement Learning,Gaussian,Bandit,1,Score,720,4.1,6.0,
Reinforcement Learning,Gaussian,Bandit,1,Score,721,7.1,7.0,
Reinforcement Learning,Gaussian,Bandit,1,Score,722,-3.9,10.0,
Reinforcement Learning,Gaussian,Bandit,1,Score,723,4.8,4.0,
Reinforcement Learning,Gaussian,Bandit,1,Score,724,-1.5,8.0,
Reinforcement Learning,Gaussian,Bandit,1,Score,725,-2.4,1.0,
Reinforcement Learning,Gaussian,Bandit,1,Score,726,14.9,2.0,
Reinforcement Learning,Gaussian,Bandit,1,Score,727,0.8,3.0,
Reinforcement Learning,Gaussian,Bandit,1,Score,728,4.7,5.0,
Reinforcement Learning,Gaussian,Bandit,1,Score,729,-1.6,6.0,
Reinforcement Learning,Gaussian,Bandit,1,Score,730,13.8,7.0,
Reinforcement Learning,Gaussian,Bandit,1,Score,731,13.0,9.0,
Reinforcement Learning,Gaussian,Bandit,1,Score,732,4.6,10.0,
Reinforcement Learning,Gaussian,Bandit,1,Score,733,10.4,9.0,
Reinforcement Learning,Gaussian,Bandit,1,Score,734,1.0,1.0,
Reinforcement Learning,Gaussian,Bandit,1,Score,735,0.0,2.0,
